TrialRep,Model,AC,TransGen,Extinctions
1,ModelA,NoAuto,BothTrans,1438
1,ModelA,NoAuto,NoTrans,2318
1,ModelA,Auto,BothTrans,1288
1,ModelA,Auto,NoTrans,2270
1,ModelB,NoAuto,BothTrans,1296
1,ModelB,NoAuto,NoTrans,2313
1,ModelB,Auto,BothTrans,1285
1,ModelB,Auto,NoTrans,2268
1,ModelA,NoAuto,WaspTrans,2318
1,ModelA,NoAuto,FlyTrans,1438
1,ModelA,Auto,WaspTrans,2270
1,ModelA,Auto,FlyTrans,1288
1,ModelB,NoAuto,WaspTrans,2313
1,ModelB,NoAuto,FlyTrans,1438
1,ModelB,Auto,WaspTrans,2268
1,ModelB,Auto,FlyTrans,1285
2,ModelA,NoAuto,BothTrans,1421
2,ModelA,NoAuto,NoTrans,2288
2,ModelA,Auto,BothTrans,201
2,ModelA,Auto,NoTrans,2037
2,ModelB,NoAuto,BothTrans,1421
2,ModelB,NoAuto,NoTrans,2287
2,ModelB,Auto,BothTrans,1295
2,ModelB,Auto,NoTrans,1867
2,ModelA,NoAuto,WaspTrans,2288
2,ModelA,NoAuto,FlyTrans,1421
2,ModelA,Auto,WaspTrans,2037
2,ModelA,Auto,FlyTrans,1421
2,ModelB,NoAuto,WaspTrans,2287
2,ModelB,NoAuto,FlyTrans,1421
2,ModelB,Auto,WaspTrans,1867
2,ModelB,Auto,FlyTrans,1295
3,ModelA,NoAuto,BothTrans,1484
3,ModelA,NoAuto,NoTrans,2306
3,ModelA,Auto,BothTrans,1376
3,ModelA,Auto,NoTrans,2254
3,ModelB,NoAuto,BothTrans,1484
3,ModelB,NoAuto,NoTrans,2305
3,ModelB,Auto,BothTrans,1374
3,ModelB,Auto,NoTrans,1961
3,ModelA,NoAuto,WaspTrans,2306
3,ModelA,NoAuto,FlyTrans,1484
3,ModelA,Auto,WaspTrans,2254
3,ModelA,Auto,FlyTrans,1376
3,ModelB,NoAuto,WaspTrans,2305
3,ModelB,NoAuto,FlyTrans,1484
3,ModelB,Auto,WaspTrans,1961
3,ModelB,Auto,FlyTrans,1374
4,ModelA,NoAuto,BothTrans,1535
4,ModelA,NoAuto,NoTrans,2325
4,ModelA,Auto,BothTrans,1535
4,ModelA,Auto,NoTrans,2173
4,ModelB,NoAuto,BothTrans,1535
4,ModelB,NoAuto,NoTrans,2173
4,ModelB,Auto,BothTrans,1535
4,ModelB,Auto,NoTrans,1632
4,ModelA,NoAuto,WaspTrans,2325
4,ModelA,NoAuto,FlyTrans,1535
4,ModelA,Auto,WaspTrans,2173
4,ModelA,Auto,FlyTrans,1535
4,ModelB,NoAuto,WaspTrans,2172
4,ModelB,NoAuto,FlyTrans,1535
4,ModelB,Auto,WaspTrans,1632
4,ModelB,Auto,FlyTrans,1535
5,ModelA,NoAuto,BothTrans,1504
5,ModelA,NoAuto,NoTrans,2257
5,ModelA,Auto,BothTrans,1362
5,ModelA,Auto,NoTrans,2115
5,ModelB,NoAuto,BothTrans,1381
5,ModelB,NoAuto,NoTrans,2256
5,ModelB,Auto,BothTrans,1361
5,ModelB,Auto,NoTrans,1928
5,ModelA,NoAuto,WaspTrans,2257
5,ModelA,NoAuto,FlyTrans,1504
5,ModelA,Auto,WaspTrans,2115
5,ModelA,Auto,FlyTrans,1362
5,ModelB,NoAuto,WaspTrans,2256
5,ModelB,NoAuto,FlyTrans,1381
5,ModelB,Auto,WaspTrans,1928
5,ModelB,Auto,FlyTrans,1361
6,ModelA,NoAuto,BothTrans,1519
6,ModelA,NoAuto,NoTrans,2352
6,ModelA,Auto,BothTrans,1306
6,ModelA,Auto,NoTrans,2147
6,ModelB,NoAuto,BothTrans,1519
6,ModelB,NoAuto,NoTrans,2281
6,ModelB,Auto,BothTrans,1306
6,ModelB,Auto,NoTrans,2146
6,ModelA,NoAuto,WaspTrans,2352
6,ModelA,NoAuto,FlyTrans,1519
6,ModelA,Auto,WaspTrans,2146
6,ModelA,Auto,FlyTrans,1306
6,ModelB,NoAuto,WaspTrans,2281
6,ModelB,NoAuto,FlyTrans,1519
6,ModelB,Auto,WaspTrans,2146
6,ModelB,Auto,FlyTrans,1306
7,ModelA,NoAuto,BothTrans,1518
7,ModelA,NoAuto,NoTrans,2289
7,ModelA,Auto,BothTrans,1407
7,ModelA,Auto,NoTrans,1957
7,ModelB,NoAuto,BothTrans,1518
7,ModelB,NoAuto,NoTrans,2254
7,ModelB,Auto,BothTrans,1406
7,ModelB,Auto,NoTrans,1955
7,ModelA,NoAuto,WaspTrans,2289
7,ModelA,NoAuto,FlyTrans,1518
7,ModelA,Auto,WaspTrans,1956
7,ModelA,Auto,FlyTrans,1407
7,ModelB,NoAuto,WaspTrans,2253
7,ModelB,NoAuto,FlyTrans,1518
7,ModelB,Auto,WaspTrans,1955
7,ModelB,Auto,FlyTrans,1406
8,ModelA,NoAuto,BothTrans,1488
8,ModelA,NoAuto,NoTrans,2268
8,ModelA,Auto,BothTrans,1398
8,ModelA,Auto,NoTrans,2260
8,ModelB,NoAuto,BothTrans,1488
8,ModelB,NoAuto,NoTrans,2264
8,ModelB,Auto,BothTrans,1398
8,ModelB,Auto,NoTrans,2182
8,ModelA,NoAuto,WaspTrans,2268
8,ModelA,NoAuto,FlyTrans,1488
8,ModelA,Auto,WaspTrans,2260
8,ModelA,Auto,FlyTrans,1398
8,ModelB,NoAuto,WaspTrans,2264
8,ModelB,NoAuto,FlyTrans,1488
8,ModelB,Auto,WaspTrans,2182
8,ModelB,Auto,FlyTrans,1398
9,ModelA,NoAuto,BothTrans,1233
9,ModelA,NoAuto,NoTrans,2362
9,ModelA,Auto,BothTrans,748
9,ModelA,Auto,NoTrans,2074
9,ModelB,NoAuto,BothTrans,1233
9,ModelB,NoAuto,NoTrans,2349
9,ModelB,Auto,BothTrans,1095
9,ModelB,Auto,NoTrans,2074
9,ModelA,NoAuto,WaspTrans,2362
9,ModelA,NoAuto,FlyTrans,1233
9,ModelA,Auto,WaspTrans,2074
9,ModelA,Auto,FlyTrans,1095
9,ModelB,NoAuto,WaspTrans,2349
9,ModelB,NoAuto,FlyTrans,1233
9,ModelB,Auto,WaspTrans,2074
9,ModelB,Auto,FlyTrans,1095
10,ModelA,NoAuto,BothTrans,1424
10,ModelA,NoAuto,NoTrans,2393
10,ModelA,Auto,BothTrans,656
10,ModelA,Auto,NoTrans,2396
10,ModelB,NoAuto,BothTrans,1411
10,ModelB,NoAuto,NoTrans,2374
10,ModelB,Auto,BothTrans,1439
10,ModelB,Auto,NoTrans,2122
10,ModelA,NoAuto,WaspTrans,2393
10,ModelA,NoAuto,FlyTrans,1424
10,ModelA,Auto,WaspTrans,2396
10,ModelA,Auto,FlyTrans,1439
10,ModelB,NoAuto,WaspTrans,2374
10,ModelB,NoAuto,FlyTrans,1411
10,ModelB,Auto,WaspTrans,2121
10,ModelB,Auto,FlyTrans,1439
11,ModelA,NoAuto,BothTrans,1516
11,ModelA,NoAuto,NoTrans,2352
11,ModelA,Auto,BothTrans,1512
11,ModelA,Auto,NoTrans,2035
11,ModelB,NoAuto,BothTrans,1516
11,ModelB,NoAuto,NoTrans,2324
11,ModelB,Auto,BothTrans,1510
11,ModelB,Auto,NoTrans,2034
11,ModelA,NoAuto,WaspTrans,2352
11,ModelA,NoAuto,FlyTrans,1516
11,ModelA,Auto,WaspTrans,2035
11,ModelA,Auto,FlyTrans,1512
11,ModelB,NoAuto,WaspTrans,2324
11,ModelB,NoAuto,FlyTrans,1516
11,ModelB,Auto,WaspTrans,2034
11,ModelB,Auto,FlyTrans,1510
12,ModelA,NoAuto,BothTrans,1373
12,ModelA,NoAuto,NoTrans,2268
12,ModelA,Auto,BothTrans,1328
12,ModelA,Auto,NoTrans,2094
12,ModelB,NoAuto,BothTrans,1373
12,ModelB,NoAuto,NoTrans,2268
12,ModelB,Auto,BothTrans,1132
12,ModelB,Auto,NoTrans,2093
12,ModelA,NoAuto,WaspTrans,2268
12,ModelA,NoAuto,FlyTrans,1373
12,ModelA,Auto,WaspTrans,2094
12,ModelA,Auto,FlyTrans,1328
12,ModelB,NoAuto,WaspTrans,2268
12,ModelB,NoAuto,FlyTrans,1373
12,ModelB,Auto,WaspTrans,2093
12,ModelB,Auto,FlyTrans,1132
13,ModelA,NoAuto,BothTrans,1570
13,ModelA,NoAuto,NoTrans,2350
13,ModelA,Auto,BothTrans,1085
13,ModelA,Auto,NoTrans,1998
13,ModelB,NoAuto,BothTrans,1570
13,ModelB,NoAuto,NoTrans,2349
13,ModelB,Auto,BothTrans,1085
13,ModelB,Auto,NoTrans,1997
13,ModelA,NoAuto,WaspTrans,2350
13,ModelA,NoAuto,FlyTrans,1570
13,ModelA,Auto,WaspTrans,1998
13,ModelA,Auto,FlyTrans,1085
13,ModelB,NoAuto,WaspTrans,2349
13,ModelB,NoAuto,FlyTrans,1570
13,ModelB,Auto,WaspTrans,1997
13,ModelB,Auto,FlyTrans,1085
14,ModelA,NoAuto,BothTrans,1433
14,ModelA,NoAuto,NoTrans,2249
14,ModelA,Auto,BothTrans,1310
14,ModelA,Auto,NoTrans,2240
14,ModelB,NoAuto,BothTrans,1433
14,ModelB,NoAuto,NoTrans,2247
14,ModelB,Auto,BothTrans,1310
14,ModelB,Auto,NoTrans,2239
14,ModelA,NoAuto,WaspTrans,2249
14,ModelA,NoAuto,FlyTrans,1433
14,ModelA,Auto,WaspTrans,2240
14,ModelA,Auto,FlyTrans,1310
14,ModelB,NoAuto,WaspTrans,2247
14,ModelB,NoAuto,FlyTrans,1433
14,ModelB,Auto,WaspTrans,2239
14,ModelB,Auto,FlyTrans,1310
15,ModelA,NoAuto,BothTrans,1465
15,ModelA,NoAuto,NoTrans,2304
15,ModelA,Auto,BothTrans,308
15,ModelA,Auto,NoTrans,2303
15,ModelB,NoAuto,BothTrans,1465
15,ModelB,NoAuto,NoTrans,2299
15,ModelB,Auto,BothTrans,1370
15,ModelB,Auto,NoTrans,2302
15,ModelA,NoAuto,WaspTrans,2302
15,ModelA,NoAuto,FlyTrans,1465
15,ModelA,Auto,WaspTrans,2303
15,ModelA,Auto,FlyTrans,1370
15,ModelB,NoAuto,WaspTrans,2299
15,ModelB,NoAuto,FlyTrans,1465
15,ModelB,Auto,WaspTrans,2302
15,ModelB,Auto,FlyTrans,1370
16,ModelA,NoAuto,BothTrans,1491
16,ModelA,NoAuto,NoTrans,2333
16,ModelA,Auto,BothTrans,331
16,ModelA,Auto,NoTrans,2051
16,ModelB,NoAuto,BothTrans,1475
16,ModelB,NoAuto,NoTrans,2301
16,ModelB,Auto,BothTrans,1224
16,ModelB,Auto,NoTrans,2049
16,ModelA,NoAuto,WaspTrans,2333
16,ModelA,NoAuto,FlyTrans,1491
16,ModelA,Auto,WaspTrans,2050
16,ModelA,Auto,FlyTrans,1470
16,ModelB,NoAuto,WaspTrans,2301
16,ModelB,NoAuto,FlyTrans,1475
16,ModelB,Auto,WaspTrans,2049
16,ModelB,Auto,FlyTrans,1224
17,ModelA,NoAuto,BothTrans,1506
17,ModelA,NoAuto,NoTrans,2314
17,ModelA,Auto,BothTrans,1510
17,ModelA,Auto,NoTrans,2108
17,ModelB,NoAuto,BothTrans,1489
17,ModelB,NoAuto,NoTrans,2307
17,ModelB,Auto,BothTrans,1508
17,ModelB,Auto,NoTrans,2102
17,ModelA,NoAuto,WaspTrans,2314
17,ModelA,NoAuto,FlyTrans,1506
17,ModelA,Auto,WaspTrans,2108
17,ModelA,Auto,FlyTrans,1510
17,ModelB,NoAuto,WaspTrans,2307
17,ModelB,NoAuto,FlyTrans,1506
17,ModelB,Auto,WaspTrans,2102
17,ModelB,Auto,FlyTrans,1508
18,ModelA,NoAuto,BothTrans,1469
18,ModelA,NoAuto,NoTrans,2338
18,ModelA,Auto,BothTrans,1108
18,ModelA,Auto,NoTrans,2208
18,ModelB,NoAuto,BothTrans,1469
18,ModelB,NoAuto,NoTrans,2338
18,ModelB,Auto,BothTrans,1103
18,ModelB,Auto,NoTrans,1981
18,ModelA,NoAuto,WaspTrans,2338
18,ModelA,NoAuto,FlyTrans,1469
18,ModelA,Auto,WaspTrans,2208
18,ModelA,Auto,FlyTrans,1108
18,ModelB,NoAuto,WaspTrans,2338
18,ModelB,NoAuto,FlyTrans,1469
18,ModelB,Auto,WaspTrans,1980
18,ModelB,Auto,FlyTrans,1103
19,ModelA,NoAuto,BothTrans,1579
19,ModelA,NoAuto,NoTrans,2302
19,ModelA,Auto,BothTrans,1582
19,ModelA,Auto,NoTrans,1904
19,ModelB,NoAuto,BothTrans,1579
19,ModelB,NoAuto,NoTrans,2302
19,ModelB,Auto,BothTrans,1382
19,ModelB,Auto,NoTrans,1904
19,ModelA,NoAuto,WaspTrans,2302
19,ModelA,NoAuto,FlyTrans,1579
19,ModelA,Auto,WaspTrans,1904
19,ModelA,Auto,FlyTrans,1582
19,ModelB,NoAuto,WaspTrans,2302
19,ModelB,NoAuto,FlyTrans,1579
19,ModelB,Auto,WaspTrans,1904
19,ModelB,Auto,FlyTrans,1382
20,ModelA,NoAuto,BothTrans,1506
20,ModelA,NoAuto,NoTrans,2374
20,ModelA,Auto,BothTrans,1522
20,ModelA,Auto,NoTrans,2045
20,ModelB,NoAuto,BothTrans,1496
20,ModelB,NoAuto,NoTrans,2374
20,ModelB,Auto,BothTrans,1226
20,ModelB,Auto,NoTrans,2044
20,ModelA,NoAuto,WaspTrans,2374
20,ModelA,NoAuto,FlyTrans,1506
20,ModelA,Auto,WaspTrans,2045
20,ModelA,Auto,FlyTrans,1522
20,ModelB,NoAuto,WaspTrans,2374
20,ModelB,NoAuto,FlyTrans,1496
20,ModelB,Auto,WaspTrans,2044
20,ModelB,Auto,FlyTrans,1226
21,ModelA,NoAuto,BothTrans,1450
21,ModelA,NoAuto,NoTrans,2252
21,ModelA,Auto,BothTrans,1450
21,ModelA,Auto,NoTrans,2199
21,ModelB,NoAuto,BothTrans,1450
21,ModelB,NoAuto,NoTrans,2252
21,ModelB,Auto,BothTrans,1450
21,ModelB,Auto,NoTrans,2198
21,ModelA,NoAuto,WaspTrans,2252
21,ModelA,NoAuto,FlyTrans,1450
21,ModelA,Auto,WaspTrans,2199
21,ModelA,Auto,FlyTrans,1450
21,ModelB,NoAuto,WaspTrans,2252
21,ModelB,NoAuto,FlyTrans,1450
21,ModelB,Auto,WaspTrans,2198
21,ModelB,Auto,FlyTrans,1450
22,ModelA,NoAuto,BothTrans,201
22,ModelA,NoAuto,NoTrans,2294
22,ModelA,Auto,BothTrans,201
22,ModelA,Auto,NoTrans,2268
22,ModelB,NoAuto,BothTrans,1493
22,ModelB,NoAuto,NoTrans,2294
22,ModelB,Auto,BothTrans,1456
22,ModelB,Auto,NoTrans,2267
22,ModelA,NoAuto,WaspTrans,2294
22,ModelA,NoAuto,FlyTrans,1523
22,ModelA,Auto,WaspTrans,2268
22,ModelA,Auto,FlyTrans,1457
22,ModelB,NoAuto,WaspTrans,2294
22,ModelB,NoAuto,FlyTrans,1493
22,ModelB,Auto,WaspTrans,2266
22,ModelB,Auto,FlyTrans,1456
23,ModelA,NoAuto,BothTrans,1460
23,ModelA,NoAuto,NoTrans,2279
23,ModelA,Auto,BothTrans,1470
23,ModelA,Auto,NoTrans,1739
23,ModelB,NoAuto,BothTrans,1458
23,ModelB,NoAuto,NoTrans,2169
23,ModelB,Auto,BothTrans,1470
23,ModelB,Auto,NoTrans,1735
23,ModelA,NoAuto,WaspTrans,2279
23,ModelA,NoAuto,FlyTrans,1460
23,ModelA,Auto,WaspTrans,1739
23,ModelA,Auto,FlyTrans,1470
23,ModelB,NoAuto,WaspTrans,2169
23,ModelB,NoAuto,FlyTrans,1458
23,ModelB,Auto,WaspTrans,1734
23,ModelB,Auto,FlyTrans,1470
24,ModelA,NoAuto,BothTrans,1417
24,ModelA,NoAuto,NoTrans,2321
24,ModelA,Auto,BothTrans,1349
24,ModelA,Auto,NoTrans,2142
24,ModelB,NoAuto,BothTrans,1415
24,ModelB,NoAuto,NoTrans,2321
24,ModelB,Auto,BothTrans,1326
24,ModelB,Auto,NoTrans,2132
24,ModelA,NoAuto,WaspTrans,2321
24,ModelA,NoAuto,FlyTrans,1417
24,ModelA,Auto,WaspTrans,2142
24,ModelA,Auto,FlyTrans,1349
24,ModelB,NoAuto,WaspTrans,2321
24,ModelB,NoAuto,FlyTrans,1415
24,ModelB,Auto,WaspTrans,2132
24,ModelB,Auto,FlyTrans,1326
25,ModelA,NoAuto,BothTrans,1602
25,ModelA,NoAuto,NoTrans,2343
25,ModelA,Auto,BothTrans,280
25,ModelA,Auto,NoTrans,2222
25,ModelB,NoAuto,BothTrans,1602
25,ModelB,NoAuto,NoTrans,2343
25,ModelB,Auto,BothTrans,1654
25,ModelB,Auto,NoTrans,2202
25,ModelA,NoAuto,WaspTrans,2343
25,ModelA,NoAuto,FlyTrans,1602
25,ModelA,Auto,WaspTrans,2222
25,ModelA,Auto,FlyTrans,1654
25,ModelB,NoAuto,WaspTrans,2343
25,ModelB,NoAuto,FlyTrans,1602
25,ModelB,Auto,WaspTrans,2202
25,ModelB,Auto,FlyTrans,1654
26,ModelA,NoAuto,BothTrans,1529
26,ModelA,NoAuto,NoTrans,2276
26,ModelA,Auto,BothTrans,1302
26,ModelA,Auto,NoTrans,2112
26,ModelB,NoAuto,BothTrans,1304
26,ModelB,NoAuto,NoTrans,2271
26,ModelB,Auto,BothTrans,1302
26,ModelB,Auto,NoTrans,2110
26,ModelA,NoAuto,WaspTrans,2276
26,ModelA,NoAuto,FlyTrans,1529
26,ModelA,Auto,WaspTrans,2112
26,ModelA,Auto,FlyTrans,1302
26,ModelB,NoAuto,WaspTrans,2271
26,ModelB,NoAuto,FlyTrans,1304
26,ModelB,Auto,WaspTrans,2110
26,ModelB,Auto,FlyTrans,1302
27,ModelA,NoAuto,BothTrans,1581
27,ModelA,NoAuto,NoTrans,2138
27,ModelA,Auto,BothTrans,779
27,ModelA,Auto,NoTrans,2063
27,ModelB,NoAuto,BothTrans,1581
27,ModelB,NoAuto,NoTrans,2124
27,ModelB,Auto,BothTrans,1235
27,ModelB,Auto,NoTrans,2063
27,ModelA,NoAuto,WaspTrans,2138
27,ModelA,NoAuto,FlyTrans,1581
27,ModelA,Auto,WaspTrans,2063
27,ModelA,Auto,FlyTrans,1235
27,ModelB,NoAuto,WaspTrans,2124
27,ModelB,NoAuto,FlyTrans,1581
27,ModelB,Auto,WaspTrans,2063
27,ModelB,Auto,FlyTrans,1235
28,ModelA,NoAuto,BothTrans,1494
28,ModelA,NoAuto,NoTrans,2373
28,ModelA,Auto,BothTrans,1493
28,ModelA,Auto,NoTrans,2086
28,ModelB,NoAuto,BothTrans,1493
28,ModelB,NoAuto,NoTrans,2372
28,ModelB,Auto,BothTrans,1493
28,ModelB,Auto,NoTrans,2086
28,ModelA,NoAuto,WaspTrans,2373
28,ModelA,NoAuto,FlyTrans,1494
28,ModelA,Auto,WaspTrans,2086
28,ModelA,Auto,FlyTrans,1493
28,ModelB,NoAuto,WaspTrans,2372
28,ModelB,NoAuto,FlyTrans,1493
28,ModelB,Auto,WaspTrans,2086
28,ModelB,Auto,FlyTrans,1493
29,ModelA,NoAuto,BothTrans,1569
29,ModelA,NoAuto,NoTrans,2290
29,ModelA,Auto,BothTrans,201
29,ModelA,Auto,NoTrans,2006
29,ModelB,NoAuto,BothTrans,1514
29,ModelB,NoAuto,NoTrans,2131
29,ModelB,Auto,BothTrans,1264
29,ModelB,Auto,NoTrans,2002
29,ModelA,NoAuto,WaspTrans,2290
29,ModelA,NoAuto,FlyTrans,1569
29,ModelA,Auto,WaspTrans,2006
29,ModelA,Auto,FlyTrans,1264
29,ModelB,NoAuto,WaspTrans,2131
29,ModelB,NoAuto,FlyTrans,1514
29,ModelB,Auto,WaspTrans,2002
29,ModelB,Auto,FlyTrans,1264
30,ModelA,NoAuto,BothTrans,1401
30,ModelA,NoAuto,NoTrans,2315
30,ModelA,Auto,BothTrans,1407
30,ModelA,Auto,NoTrans,2281
30,ModelB,NoAuto,BothTrans,1401
30,ModelB,NoAuto,NoTrans,2310
30,ModelB,Auto,BothTrans,1407
30,ModelB,Auto,NoTrans,2280
30,ModelA,NoAuto,WaspTrans,2315
30,ModelA,NoAuto,FlyTrans,1401
30,ModelA,Auto,WaspTrans,2281
30,ModelA,Auto,FlyTrans,1407
30,ModelB,NoAuto,WaspTrans,2290
30,ModelB,NoAuto,FlyTrans,1401
30,ModelB,Auto,WaspTrans,2280
30,ModelB,Auto,FlyTrans,1407
31,ModelA,NoAuto,BothTrans,1378
31,ModelA,NoAuto,NoTrans,2229
31,ModelA,Auto,BothTrans,818
31,ModelA,Auto,NoTrans,2160
31,ModelB,NoAuto,BothTrans,1320
31,ModelB,NoAuto,NoTrans,2229
31,ModelB,Auto,BothTrans,1325
31,ModelB,Auto,NoTrans,2159
31,ModelA,NoAuto,WaspTrans,2229
31,ModelA,NoAuto,FlyTrans,1378
31,ModelA,Auto,WaspTrans,2160
31,ModelA,Auto,FlyTrans,1325
31,ModelB,NoAuto,WaspTrans,2229
31,ModelB,NoAuto,FlyTrans,1328
31,ModelB,Auto,WaspTrans,2159
31,ModelB,Auto,FlyTrans,1325
32,ModelA,NoAuto,BothTrans,1532
32,ModelA,NoAuto,NoTrans,2333
32,ModelA,Auto,BothTrans,1532
32,ModelA,Auto,NoTrans,1868
32,ModelB,NoAuto,BothTrans,1523
32,ModelB,NoAuto,NoTrans,2333
32,ModelB,Auto,BothTrans,1532
32,ModelB,Auto,NoTrans,1867
32,ModelA,NoAuto,WaspTrans,2333
32,ModelA,NoAuto,FlyTrans,1532
32,ModelA,Auto,WaspTrans,1872
32,ModelA,Auto,FlyTrans,1532
32,ModelB,NoAuto,WaspTrans,2333
32,ModelB,NoAuto,FlyTrans,1523
32,ModelB,Auto,WaspTrans,1867
32,ModelB,Auto,FlyTrans,1532
33,ModelA,NoAuto,BothTrans,1445
33,ModelA,NoAuto,NoTrans,2324
33,ModelA,Auto,BothTrans,1341
33,ModelA,Auto,NoTrans,2250
33,ModelB,NoAuto,BothTrans,1445
33,ModelB,NoAuto,NoTrans,2309
33,ModelB,Auto,BothTrans,1302
33,ModelB,Auto,NoTrans,2249
33,ModelA,NoAuto,WaspTrans,2324
33,ModelA,NoAuto,FlyTrans,1445
33,ModelA,Auto,WaspTrans,2249
33,ModelA,Auto,FlyTrans,1341
33,ModelB,NoAuto,WaspTrans,2309
33,ModelB,NoAuto,FlyTrans,1445
33,ModelB,Auto,WaspTrans,2249
33,ModelB,Auto,FlyTrans,1302
34,ModelA,NoAuto,BothTrans,1562
34,ModelA,NoAuto,NoTrans,2166
34,ModelA,Auto,BothTrans,201
34,ModelA,Auto,NoTrans,2156
34,ModelB,NoAuto,BothTrans,1562
34,ModelB,NoAuto,NoTrans,2162
34,ModelB,Auto,BothTrans,1464
34,ModelB,Auto,NoTrans,2155
34,ModelA,NoAuto,WaspTrans,2166
34,ModelA,NoAuto,FlyTrans,1562
34,ModelA,Auto,WaspTrans,2156
34,ModelA,Auto,FlyTrans,1465
34,ModelB,NoAuto,WaspTrans,2162
34,ModelB,NoAuto,FlyTrans,1562
34,ModelB,Auto,WaspTrans,2155
34,ModelB,Auto,FlyTrans,1464
35,ModelA,NoAuto,BothTrans,1315
35,ModelA,NoAuto,NoTrans,2284
35,ModelA,Auto,BothTrans,243
35,ModelA,Auto,NoTrans,2260
35,ModelB,NoAuto,BothTrans,1315
35,ModelB,NoAuto,NoTrans,2284
35,ModelB,Auto,BothTrans,1317
35,ModelB,Auto,NoTrans,2259
35,ModelA,NoAuto,WaspTrans,2284
35,ModelA,NoAuto,FlyTrans,1315
35,ModelA,Auto,WaspTrans,2260
35,ModelA,Auto,FlyTrans,1318
35,ModelB,NoAuto,WaspTrans,2284
35,ModelB,NoAuto,FlyTrans,1315
35,ModelB,Auto,WaspTrans,2258
35,ModelB,Auto,FlyTrans,1317
36,ModelA,NoAuto,BothTrans,1474
36,ModelA,NoAuto,NoTrans,2270
36,ModelA,Auto,BothTrans,1422
36,ModelA,Auto,NoTrans,1878
36,ModelB,NoAuto,BothTrans,1474
36,ModelB,NoAuto,NoTrans,2267
36,ModelB,Auto,BothTrans,1422
36,ModelB,Auto,NoTrans,1877
36,ModelA,NoAuto,WaspTrans,2270
36,ModelA,NoAuto,FlyTrans,1474
36,ModelA,Auto,WaspTrans,1878
36,ModelA,Auto,FlyTrans,1422
36,ModelB,NoAuto,WaspTrans,2198
36,ModelB,NoAuto,FlyTrans,1474
36,ModelB,Auto,WaspTrans,1876
36,ModelB,Auto,FlyTrans,1422
37,ModelA,NoAuto,BothTrans,1498
37,ModelA,NoAuto,NoTrans,2336
37,ModelA,Auto,BothTrans,277
37,ModelA,Auto,NoTrans,2208
37,ModelB,NoAuto,BothTrans,1497
37,ModelB,NoAuto,NoTrans,2336
37,ModelB,Auto,BothTrans,1167
37,ModelB,Auto,NoTrans,2208
37,ModelA,NoAuto,WaspTrans,2336
37,ModelA,NoAuto,FlyTrans,1498
37,ModelA,Auto,WaspTrans,2208
37,ModelA,Auto,FlyTrans,1498
37,ModelB,NoAuto,WaspTrans,2336
37,ModelB,NoAuto,FlyTrans,1497
37,ModelB,Auto,WaspTrans,2208
37,ModelB,Auto,FlyTrans,1167
38,ModelA,NoAuto,BothTrans,1512
38,ModelA,NoAuto,NoTrans,2343
38,ModelA,Auto,BothTrans,315
38,ModelA,Auto,NoTrans,2015
38,ModelB,NoAuto,BothTrans,1512
38,ModelB,NoAuto,NoTrans,2320
38,ModelB,Auto,BothTrans,1508
38,ModelB,Auto,NoTrans,2014
38,ModelA,NoAuto,WaspTrans,2343
38,ModelA,NoAuto,FlyTrans,1512
38,ModelA,Auto,WaspTrans,2015
38,ModelA,Auto,FlyTrans,1512
38,ModelB,NoAuto,WaspTrans,2320
38,ModelB,NoAuto,FlyTrans,1512
38,ModelB,Auto,WaspTrans,2014
38,ModelB,Auto,FlyTrans,1509
39,ModelA,NoAuto,BothTrans,1520
39,ModelA,NoAuto,NoTrans,2352
39,ModelA,Auto,BothTrans,1567
39,ModelA,Auto,NoTrans,1883
39,ModelB,NoAuto,BothTrans,1520
39,ModelB,NoAuto,NoTrans,2295
39,ModelB,Auto,BothTrans,1566
39,ModelB,Auto,NoTrans,1880
39,ModelA,NoAuto,WaspTrans,2352
39,ModelA,NoAuto,FlyTrans,1520
39,ModelA,Auto,WaspTrans,1881
39,ModelA,Auto,FlyTrans,1567
39,ModelB,NoAuto,WaspTrans,2289
39,ModelB,NoAuto,FlyTrans,1520
39,ModelB,Auto,WaspTrans,1880
39,ModelB,Auto,FlyTrans,1567
40,ModelA,NoAuto,BothTrans,1536
40,ModelA,NoAuto,NoTrans,2268
40,ModelA,Auto,BothTrans,1354
40,ModelA,Auto,NoTrans,2189
40,ModelB,NoAuto,BothTrans,1530
40,ModelB,NoAuto,NoTrans,2268
40,ModelB,Auto,BothTrans,1354
40,ModelB,Auto,NoTrans,2009
40,ModelA,NoAuto,WaspTrans,2268
40,ModelA,NoAuto,FlyTrans,1536
40,ModelA,Auto,WaspTrans,2189
40,ModelA,Auto,FlyTrans,1354
40,ModelB,NoAuto,WaspTrans,2268
40,ModelB,NoAuto,FlyTrans,1535
40,ModelB,Auto,WaspTrans,2009
40,ModelB,Auto,FlyTrans,1354
41,ModelA,NoAuto,BothTrans,1382
41,ModelA,NoAuto,NoTrans,2258
41,ModelA,Auto,BothTrans,1381
41,ModelA,Auto,NoTrans,1979
41,ModelB,NoAuto,BothTrans,1380
41,ModelB,NoAuto,NoTrans,2254
41,ModelB,Auto,BothTrans,1376
41,ModelB,Auto,NoTrans,1978
41,ModelA,NoAuto,WaspTrans,2258
41,ModelA,NoAuto,FlyTrans,1382
41,ModelA,Auto,WaspTrans,1979
41,ModelA,Auto,FlyTrans,1381
41,ModelB,NoAuto,WaspTrans,2254
41,ModelB,NoAuto,FlyTrans,1380
41,ModelB,Auto,WaspTrans,1978
41,ModelB,Auto,FlyTrans,1376
42,ModelA,NoAuto,BothTrans,1575
42,ModelA,NoAuto,NoTrans,2292
42,ModelA,Auto,BothTrans,1575
42,ModelA,Auto,NoTrans,2031
42,ModelB,NoAuto,BothTrans,1575
42,ModelB,NoAuto,NoTrans,2160
42,ModelB,Auto,BothTrans,1541
42,ModelB,Auto,NoTrans,1975
42,ModelA,NoAuto,WaspTrans,2292
42,ModelA,NoAuto,FlyTrans,1575
42,ModelA,Auto,WaspTrans,2031
42,ModelA,Auto,FlyTrans,1575
42,ModelB,NoAuto,WaspTrans,2160
42,ModelB,NoAuto,FlyTrans,1575
42,ModelB,Auto,WaspTrans,1975
42,ModelB,Auto,FlyTrans,1575
43,ModelA,NoAuto,BothTrans,1474
43,ModelA,NoAuto,NoTrans,2364
43,ModelA,Auto,BothTrans,1443
43,ModelA,Auto,NoTrans,2121
43,ModelB,NoAuto,BothTrans,1459
43,ModelB,NoAuto,NoTrans,2255
43,ModelB,Auto,BothTrans,1442
43,ModelB,Auto,NoTrans,2120
43,ModelA,NoAuto,WaspTrans,2364
43,ModelA,NoAuto,FlyTrans,1474
43,ModelA,Auto,WaspTrans,2121
43,ModelA,Auto,FlyTrans,1443
43,ModelB,NoAuto,WaspTrans,2255
43,ModelB,NoAuto,FlyTrans,1459
43,ModelB,Auto,WaspTrans,2120
43,ModelB,Auto,FlyTrans,1442
44,ModelA,NoAuto,BothTrans,1550
44,ModelA,NoAuto,NoTrans,2227
44,ModelA,Auto,BothTrans,1412
44,ModelA,Auto,NoTrans,1942
44,ModelB,NoAuto,BothTrans,1549
44,ModelB,NoAuto,NoTrans,2216
44,ModelB,Auto,BothTrans,1410
44,ModelB,Auto,NoTrans,1941
44,ModelA,NoAuto,WaspTrans,2227
44,ModelA,NoAuto,FlyTrans,1551
44,ModelA,Auto,WaspTrans,1942
44,ModelA,Auto,FlyTrans,1412
44,ModelB,NoAuto,WaspTrans,2216
44,ModelB,NoAuto,FlyTrans,1549
44,ModelB,Auto,WaspTrans,1941
44,ModelB,Auto,FlyTrans,1411
45,ModelA,NoAuto,BothTrans,1555
45,ModelA,NoAuto,NoTrans,2344
45,ModelA,Auto,BothTrans,1316
45,ModelA,Auto,NoTrans,2333
45,ModelB,NoAuto,BothTrans,1555
45,ModelB,NoAuto,NoTrans,2331
45,ModelB,Auto,BothTrans,1315
45,ModelB,Auto,NoTrans,2332
45,ModelA,NoAuto,WaspTrans,2344
45,ModelA,NoAuto,FlyTrans,1555
45,ModelA,Auto,WaspTrans,2333
45,ModelA,Auto,FlyTrans,1316
45,ModelB,NoAuto,WaspTrans,2331
45,ModelB,NoAuto,FlyTrans,1555
45,ModelB,Auto,WaspTrans,2332
45,ModelB,Auto,FlyTrans,1315
46,ModelA,NoAuto,BothTrans,1392
46,ModelA,NoAuto,NoTrans,2347
46,ModelA,Auto,BothTrans,1115
46,ModelA,Auto,NoTrans,1828
46,ModelB,NoAuto,BothTrans,1345
46,ModelB,NoAuto,NoTrans,2343
46,ModelB,Auto,BothTrans,1115
46,ModelB,Auto,NoTrans,1827
46,ModelA,NoAuto,WaspTrans,2347
46,ModelA,NoAuto,FlyTrans,1392
46,ModelA,Auto,WaspTrans,1828
46,ModelA,Auto,FlyTrans,1115
46,ModelB,NoAuto,WaspTrans,2343
46,ModelB,NoAuto,FlyTrans,1345
46,ModelB,Auto,WaspTrans,1827
46,ModelB,Auto,FlyTrans,1115
47,ModelA,NoAuto,BothTrans,1548
47,ModelA,NoAuto,NoTrans,2333
47,ModelA,Auto,BothTrans,1531
47,ModelA,Auto,NoTrans,2297
47,ModelB,NoAuto,BothTrans,1548
47,ModelB,NoAuto,NoTrans,2333
47,ModelB,Auto,BothTrans,1268
47,ModelB,Auto,NoTrans,2261
47,ModelA,NoAuto,WaspTrans,2333
47,ModelA,NoAuto,FlyTrans,1548
47,ModelA,Auto,WaspTrans,2297
47,ModelA,Auto,FlyTrans,1531
47,ModelB,NoAuto,WaspTrans,2333
47,ModelB,NoAuto,FlyTrans,1548
47,ModelB,Auto,WaspTrans,2261
47,ModelB,Auto,FlyTrans,1268
48,ModelA,NoAuto,BothTrans,1553
48,ModelA,NoAuto,NoTrans,2302
48,ModelA,Auto,BothTrans,1297
48,ModelA,Auto,NoTrans,2113
48,ModelB,NoAuto,BothTrans,1510
48,ModelB,NoAuto,NoTrans,2281
48,ModelB,Auto,BothTrans,1297
48,ModelB,Auto,NoTrans,2111
48,ModelA,NoAuto,WaspTrans,2302
48,ModelA,NoAuto,FlyTrans,1553
48,ModelA,Auto,WaspTrans,2113
48,ModelA,Auto,FlyTrans,1297
48,ModelB,NoAuto,WaspTrans,2281
48,ModelB,NoAuto,FlyTrans,1510
48,ModelB,Auto,WaspTrans,2111
48,ModelB,Auto,FlyTrans,1297
49,ModelA,NoAuto,BothTrans,1407
49,ModelA,NoAuto,NoTrans,2204
49,ModelA,Auto,BothTrans,1406
49,ModelA,Auto,NoTrans,1989
49,ModelB,NoAuto,BothTrans,1407
49,ModelB,NoAuto,NoTrans,2173
49,ModelB,Auto,BothTrans,1406
49,ModelB,Auto,NoTrans,1984
49,ModelA,NoAuto,WaspTrans,2204
49,ModelA,NoAuto,FlyTrans,1407
49,ModelA,Auto,WaspTrans,1989
49,ModelA,Auto,FlyTrans,1406
49,ModelB,NoAuto,WaspTrans,2173
49,ModelB,NoAuto,FlyTrans,1407
49,ModelB,Auto,WaspTrans,1984
49,ModelB,Auto,FlyTrans,1406
50,ModelA,NoAuto,BothTrans,1435
50,ModelA,NoAuto,NoTrans,2324
50,ModelA,Auto,BothTrans,1463
50,ModelA,Auto,NoTrans,2231
50,ModelB,NoAuto,BothTrans,1435
50,ModelB,NoAuto,NoTrans,2319
50,ModelB,Auto,BothTrans,1436
50,ModelB,Auto,NoTrans,2231
50,ModelA,NoAuto,WaspTrans,2324
50,ModelA,NoAuto,FlyTrans,1435
50,ModelA,Auto,WaspTrans,2231
50,ModelA,Auto,FlyTrans,1463
50,ModelB,NoAuto,WaspTrans,2319
50,ModelB,NoAuto,FlyTrans,1435
50,ModelB,Auto,WaspTrans,2231
50,ModelB,Auto,FlyTrans,1436
51,ModelA,NoAuto,BothTrans,1485
51,ModelA,NoAuto,NoTrans,2155
51,ModelA,Auto,BothTrans,1467
51,ModelA,Auto,NoTrans,2093
51,ModelB,NoAuto,BothTrans,1485
51,ModelB,NoAuto,NoTrans,2148
51,ModelB,Auto,BothTrans,1362
51,ModelB,Auto,NoTrans,2092
51,ModelA,NoAuto,WaspTrans,2155
51,ModelA,NoAuto,FlyTrans,1485
51,ModelA,Auto,WaspTrans,2093
51,ModelA,Auto,FlyTrans,1467
51,ModelB,NoAuto,WaspTrans,2148
51,ModelB,NoAuto,FlyTrans,1485
51,ModelB,Auto,WaspTrans,2092
51,ModelB,Auto,FlyTrans,1362
52,ModelA,NoAuto,BothTrans,1517
52,ModelA,NoAuto,NoTrans,2367
52,ModelA,Auto,BothTrans,631
52,ModelA,Auto,NoTrans,2094
52,ModelB,NoAuto,BothTrans,1517
52,ModelB,NoAuto,NoTrans,2358
52,ModelB,Auto,BothTrans,1344
52,ModelB,Auto,NoTrans,1964
52,ModelA,NoAuto,WaspTrans,2367
52,ModelA,NoAuto,FlyTrans,1517
52,ModelA,Auto,WaspTrans,2093
52,ModelA,Auto,FlyTrans,1360
52,ModelB,NoAuto,WaspTrans,2358
52,ModelB,NoAuto,FlyTrans,1517
52,ModelB,Auto,WaspTrans,1964
52,ModelB,Auto,FlyTrans,1344
53,ModelA,NoAuto,BothTrans,1399
53,ModelA,NoAuto,NoTrans,2333
53,ModelA,Auto,BothTrans,1363
53,ModelA,Auto,NoTrans,2116
53,ModelB,NoAuto,BothTrans,1399
53,ModelB,NoAuto,NoTrans,2333
53,ModelB,Auto,BothTrans,1363
53,ModelB,Auto,NoTrans,2115
53,ModelA,NoAuto,WaspTrans,2333
53,ModelA,NoAuto,FlyTrans,1399
53,ModelA,Auto,WaspTrans,2116
53,ModelA,Auto,FlyTrans,1363
53,ModelB,NoAuto,WaspTrans,2333
53,ModelB,NoAuto,FlyTrans,1399
53,ModelB,Auto,WaspTrans,2115
53,ModelB,Auto,FlyTrans,1363
54,ModelA,NoAuto,BothTrans,1502
54,ModelA,NoAuto,NoTrans,2210
54,ModelA,Auto,BothTrans,1618
54,ModelA,Auto,NoTrans,2209
54,ModelB,NoAuto,BothTrans,1502
54,ModelB,NoAuto,NoTrans,2209
54,ModelB,Auto,BothTrans,1559
54,ModelB,Auto,NoTrans,2208
54,ModelA,NoAuto,WaspTrans,2210
54,ModelA,NoAuto,FlyTrans,1502
54,ModelA,Auto,WaspTrans,2209
54,ModelA,Auto,FlyTrans,1618
54,ModelB,NoAuto,WaspTrans,2209
54,ModelB,NoAuto,FlyTrans,1502
54,ModelB,Auto,WaspTrans,2208
54,ModelB,Auto,FlyTrans,1618
55,ModelA,NoAuto,BothTrans,1548
55,ModelA,NoAuto,NoTrans,2284
55,ModelA,Auto,BothTrans,1514
55,ModelA,Auto,NoTrans,2225
55,ModelB,NoAuto,BothTrans,1548
55,ModelB,NoAuto,NoTrans,2284
55,ModelB,Auto,BothTrans,1514
55,ModelB,Auto,NoTrans,2224
55,ModelA,NoAuto,WaspTrans,2284
55,ModelA,NoAuto,FlyTrans,1548
55,ModelA,Auto,WaspTrans,2225
55,ModelA,Auto,FlyTrans,1514
55,ModelB,NoAuto,WaspTrans,2284
55,ModelB,NoAuto,FlyTrans,1548
55,ModelB,Auto,WaspTrans,2224
55,ModelB,Auto,FlyTrans,1514
56,ModelA,NoAuto,BothTrans,1632
56,ModelA,NoAuto,NoTrans,2279
56,ModelA,Auto,BothTrans,1039
56,ModelA,Auto,NoTrans,1806
56,ModelB,NoAuto,BothTrans,1622
56,ModelB,NoAuto,NoTrans,2270
56,ModelB,Auto,BothTrans,1038
56,ModelB,Auto,NoTrans,1805
56,ModelA,NoAuto,WaspTrans,2279
56,ModelA,NoAuto,FlyTrans,1632
56,ModelA,Auto,WaspTrans,1806
56,ModelA,Auto,FlyTrans,1039
56,ModelB,NoAuto,WaspTrans,2270
56,ModelB,NoAuto,FlyTrans,1622
56,ModelB,Auto,WaspTrans,1805
56,ModelB,Auto,FlyTrans,1038
57,ModelA,NoAuto,BothTrans,1569
57,ModelA,NoAuto,NoTrans,2264
57,ModelA,Auto,BothTrans,201
57,ModelA,Auto,NoTrans,2107
57,ModelB,NoAuto,BothTrans,1472
57,ModelB,NoAuto,NoTrans,2248
57,ModelB,Auto,BothTrans,1456
57,ModelB,Auto,NoTrans,2106
57,ModelA,NoAuto,WaspTrans,2264
57,ModelA,NoAuto,FlyTrans,1569
57,ModelA,Auto,WaspTrans,2107
57,ModelA,Auto,FlyTrans,1464
57,ModelB,NoAuto,WaspTrans,2248
57,ModelB,NoAuto,FlyTrans,1472
57,ModelB,Auto,WaspTrans,2106
57,ModelB,Auto,FlyTrans,1456
58,ModelA,NoAuto,BothTrans,1523
58,ModelA,NoAuto,NoTrans,2282
58,ModelA,Auto,BothTrans,1423
58,ModelA,Auto,NoTrans,2040
58,ModelB,NoAuto,BothTrans,1523
58,ModelB,NoAuto,NoTrans,2276
58,ModelB,Auto,BothTrans,1347
58,ModelB,Auto,NoTrans,2039
58,ModelA,NoAuto,WaspTrans,2282
58,ModelA,NoAuto,FlyTrans,1523
58,ModelA,Auto,WaspTrans,2040
58,ModelA,Auto,FlyTrans,1423
58,ModelB,NoAuto,WaspTrans,2276
58,ModelB,NoAuto,FlyTrans,1523
58,ModelB,Auto,WaspTrans,2039
58,ModelB,Auto,FlyTrans,1347
59,ModelA,NoAuto,BothTrans,1503
59,ModelA,NoAuto,NoTrans,2314
59,ModelA,Auto,BothTrans,725
59,ModelA,Auto,NoTrans,2225
59,ModelB,NoAuto,BothTrans,1487
59,ModelB,NoAuto,NoTrans,2223
59,ModelB,Auto,BothTrans,1037
59,ModelB,Auto,NoTrans,2225
59,ModelA,NoAuto,WaspTrans,2314
59,ModelA,NoAuto,FlyTrans,1503
59,ModelA,Auto,WaspTrans,2225
59,ModelA,Auto,FlyTrans,1037
59,ModelB,NoAuto,WaspTrans,2223
59,ModelB,NoAuto,FlyTrans,1489
59,ModelB,Auto,WaspTrans,2225
59,ModelB,Auto,FlyTrans,1037
60,ModelA,NoAuto,BothTrans,1553
60,ModelA,NoAuto,NoTrans,2345
60,ModelA,Auto,BothTrans,480
60,ModelA,Auto,NoTrans,2346
60,ModelB,NoAuto,BothTrans,1553
60,ModelB,NoAuto,NoTrans,2331
60,ModelB,Auto,BothTrans,1386
60,ModelB,Auto,NoTrans,1903
60,ModelA,NoAuto,WaspTrans,2345
60,ModelA,NoAuto,FlyTrans,1553
60,ModelA,Auto,WaspTrans,2346
60,ModelA,Auto,FlyTrans,1387
60,ModelB,NoAuto,WaspTrans,2331
60,ModelB,NoAuto,FlyTrans,1553
60,ModelB,Auto,WaspTrans,1903
60,ModelB,Auto,FlyTrans,1386
61,ModelA,NoAuto,BothTrans,1547
61,ModelA,NoAuto,NoTrans,2256
61,ModelA,Auto,BothTrans,682
61,ModelA,Auto,NoTrans,2167
61,ModelB,NoAuto,BothTrans,1547
61,ModelB,NoAuto,NoTrans,2256
61,ModelB,Auto,BothTrans,1186
61,ModelB,Auto,NoTrans,1898
61,ModelA,NoAuto,WaspTrans,2256
61,ModelA,NoAuto,FlyTrans,1547
61,ModelA,Auto,WaspTrans,2148
61,ModelA,Auto,FlyTrans,1341
61,ModelB,NoAuto,WaspTrans,2254
61,ModelB,NoAuto,FlyTrans,1547
61,ModelB,Auto,WaspTrans,1898
61,ModelB,Auto,FlyTrans,1187
62,ModelA,NoAuto,BothTrans,1520
62,ModelA,NoAuto,NoTrans,2210
62,ModelA,Auto,BothTrans,612
62,ModelA,Auto,NoTrans,2237
62,ModelB,NoAuto,BothTrans,1517
62,ModelB,NoAuto,NoTrans,2210
62,ModelB,Auto,BothTrans,1283
62,ModelB,Auto,NoTrans,1881
62,ModelA,NoAuto,WaspTrans,2210
62,ModelA,NoAuto,FlyTrans,1520
62,ModelA,Auto,WaspTrans,2237
62,ModelA,Auto,FlyTrans,1315
62,ModelB,NoAuto,WaspTrans,2210
62,ModelB,NoAuto,FlyTrans,1517
62,ModelB,Auto,WaspTrans,1880
62,ModelB,Auto,FlyTrans,1284
63,ModelA,NoAuto,BothTrans,1501
63,ModelA,NoAuto,NoTrans,2282
63,ModelA,Auto,BothTrans,1493
63,ModelA,Auto,NoTrans,2014
63,ModelB,NoAuto,BothTrans,1501
63,ModelB,NoAuto,NoTrans,2282
63,ModelB,Auto,BothTrans,1493
63,ModelB,Auto,NoTrans,2012
63,ModelA,NoAuto,WaspTrans,2282
63,ModelA,NoAuto,FlyTrans,1501
63,ModelA,Auto,WaspTrans,2013
63,ModelA,Auto,FlyTrans,1493
63,ModelB,NoAuto,WaspTrans,2282
63,ModelB,NoAuto,FlyTrans,1501
63,ModelB,Auto,WaspTrans,2012
63,ModelB,Auto,FlyTrans,1493
64,ModelA,NoAuto,BothTrans,1420
64,ModelA,NoAuto,NoTrans,2341
64,ModelA,Auto,BothTrans,307
64,ModelA,Auto,NoTrans,1989
64,ModelB,NoAuto,BothTrans,1415
64,ModelB,NoAuto,NoTrans,2341
64,ModelB,Auto,BothTrans,1584
64,ModelB,Auto,NoTrans,1987
64,ModelA,NoAuto,WaspTrans,2341
64,ModelA,NoAuto,FlyTrans,1420
64,ModelA,Auto,WaspTrans,1989
64,ModelA,Auto,FlyTrans,1584
64,ModelB,NoAuto,WaspTrans,2341
64,ModelB,NoAuto,FlyTrans,1415
64,ModelB,Auto,WaspTrans,1987
64,ModelB,Auto,FlyTrans,1584
65,ModelA,NoAuto,BothTrans,1504
65,ModelA,NoAuto,NoTrans,2294
65,ModelA,Auto,BothTrans,1553
65,ModelA,Auto,NoTrans,2048
65,ModelB,NoAuto,BothTrans,1504
65,ModelB,NoAuto,NoTrans,2286
65,ModelB,Auto,BothTrans,1553
65,ModelB,Auto,NoTrans,2048
65,ModelA,NoAuto,WaspTrans,2294
65,ModelA,NoAuto,FlyTrans,1504
65,ModelA,Auto,WaspTrans,2048
65,ModelA,Auto,FlyTrans,1553
65,ModelB,NoAuto,WaspTrans,2286
65,ModelB,NoAuto,FlyTrans,1504
65,ModelB,Auto,WaspTrans,2048
65,ModelB,Auto,FlyTrans,1553
66,ModelA,NoAuto,BothTrans,1605
66,ModelA,NoAuto,NoTrans,2292
66,ModelA,Auto,BothTrans,1599
66,ModelA,Auto,NoTrans,2247
66,ModelB,NoAuto,BothTrans,1492
66,ModelB,NoAuto,NoTrans,2288
66,ModelB,Auto,BothTrans,1585
66,ModelB,Auto,NoTrans,2247
66,ModelA,NoAuto,WaspTrans,2292
66,ModelA,NoAuto,FlyTrans,1605
66,ModelA,Auto,WaspTrans,2247
66,ModelA,Auto,FlyTrans,1599
66,ModelB,NoAuto,WaspTrans,2249
66,ModelB,NoAuto,FlyTrans,1605
66,ModelB,Auto,WaspTrans,2247
66,ModelB,Auto,FlyTrans,1585
67,ModelA,NoAuto,BothTrans,201
67,ModelA,NoAuto,NoTrans,2275
67,ModelA,Auto,BothTrans,1498
67,ModelA,Auto,NoTrans,2112
67,ModelB,NoAuto,BothTrans,1504
67,ModelB,NoAuto,NoTrans,2196
67,ModelB,Auto,BothTrans,1497
67,ModelB,Auto,NoTrans,2112
67,ModelA,NoAuto,WaspTrans,2275
67,ModelA,NoAuto,FlyTrans,1556
67,ModelA,Auto,WaspTrans,2112
67,ModelA,Auto,FlyTrans,1498
67,ModelB,NoAuto,WaspTrans,2196
67,ModelB,NoAuto,FlyTrans,1504
67,ModelB,Auto,WaspTrans,2112
67,ModelB,Auto,FlyTrans,1497
68,ModelA,NoAuto,BothTrans,1527
68,ModelA,NoAuto,NoTrans,2378
68,ModelA,Auto,BothTrans,1315
68,ModelA,Auto,NoTrans,2181
68,ModelB,NoAuto,BothTrans,1520
68,ModelB,NoAuto,NoTrans,2368
68,ModelB,Auto,BothTrans,1315
68,ModelB,Auto,NoTrans,2179
68,ModelA,NoAuto,WaspTrans,2378
68,ModelA,NoAuto,FlyTrans,1527
68,ModelA,Auto,WaspTrans,2181
68,ModelA,Auto,FlyTrans,1315
68,ModelB,NoAuto,WaspTrans,2368
68,ModelB,NoAuto,FlyTrans,1520
68,ModelB,Auto,WaspTrans,2179
68,ModelB,Auto,FlyTrans,1315
69,ModelA,NoAuto,BothTrans,1520
69,ModelA,NoAuto,NoTrans,2323
69,ModelA,Auto,BothTrans,201
69,ModelA,Auto,NoTrans,2077
69,ModelB,NoAuto,BothTrans,1520
69,ModelB,NoAuto,NoTrans,2297
69,ModelB,Auto,BothTrans,1454
69,ModelB,Auto,NoTrans,2043
69,ModelA,NoAuto,WaspTrans,2323
69,ModelA,NoAuto,FlyTrans,1520
69,ModelA,Auto,WaspTrans,2077
69,ModelA,Auto,FlyTrans,1454
69,ModelB,NoAuto,WaspTrans,2293
69,ModelB,NoAuto,FlyTrans,1520
69,ModelB,Auto,WaspTrans,2043
69,ModelB,Auto,FlyTrans,1454
70,ModelA,NoAuto,BothTrans,1562
70,ModelA,NoAuto,NoTrans,2248
70,ModelA,Auto,BothTrans,1078
70,ModelA,Auto,NoTrans,2240
70,ModelB,NoAuto,BothTrans,1507
70,ModelB,NoAuto,NoTrans,2248
70,ModelB,Auto,BothTrans,1078
70,ModelB,Auto,NoTrans,2143
70,ModelA,NoAuto,WaspTrans,2248
70,ModelA,NoAuto,FlyTrans,1562
70,ModelA,Auto,WaspTrans,2240
70,ModelA,Auto,FlyTrans,1078
70,ModelB,NoAuto,WaspTrans,2248
70,ModelB,NoAuto,FlyTrans,1510
70,ModelB,Auto,WaspTrans,2143
70,ModelB,Auto,FlyTrans,1078
71,ModelA,NoAuto,BothTrans,1372
71,ModelA,NoAuto,NoTrans,2265
71,ModelA,Auto,BothTrans,897
71,ModelA,Auto,NoTrans,2266
71,ModelB,NoAuto,BothTrans,1372
71,ModelB,NoAuto,NoTrans,2265
71,ModelB,Auto,BothTrans,1341
71,ModelB,Auto,NoTrans,2265
71,ModelA,NoAuto,WaspTrans,2265
71,ModelA,NoAuto,FlyTrans,1372
71,ModelA,Auto,WaspTrans,2266
71,ModelA,Auto,FlyTrans,1342
71,ModelB,NoAuto,WaspTrans,2265
71,ModelB,NoAuto,FlyTrans,1372
71,ModelB,Auto,WaspTrans,2265
71,ModelB,Auto,FlyTrans,1341
72,ModelA,NoAuto,BothTrans,1539
72,ModelA,NoAuto,NoTrans,2221
72,ModelA,Auto,BothTrans,1363
72,ModelA,Auto,NoTrans,2158
72,ModelB,NoAuto,BothTrans,1539
72,ModelB,NoAuto,NoTrans,2203
72,ModelB,Auto,BothTrans,1362
72,ModelB,Auto,NoTrans,2158
72,ModelA,NoAuto,WaspTrans,2221
72,ModelA,NoAuto,FlyTrans,1539
72,ModelA,Auto,WaspTrans,2158
72,ModelA,Auto,FlyTrans,1363
72,ModelB,NoAuto,WaspTrans,2203
72,ModelB,NoAuto,FlyTrans,1539
72,ModelB,Auto,WaspTrans,2158
72,ModelB,Auto,FlyTrans,1362
73,ModelA,NoAuto,BothTrans,1500
73,ModelA,NoAuto,NoTrans,2380
73,ModelA,Auto,BothTrans,1386
73,ModelA,Auto,NoTrans,2087
73,ModelB,NoAuto,BothTrans,1500
73,ModelB,NoAuto,NoTrans,2374
73,ModelB,Auto,BothTrans,1386
73,ModelB,Auto,NoTrans,2086
73,ModelA,NoAuto,WaspTrans,2380
73,ModelA,NoAuto,FlyTrans,1500
73,ModelA,Auto,WaspTrans,2087
73,ModelA,Auto,FlyTrans,1386
73,ModelB,NoAuto,WaspTrans,2374
73,ModelB,NoAuto,FlyTrans,1500
73,ModelB,Auto,WaspTrans,2086
73,ModelB,Auto,FlyTrans,1386
74,ModelA,NoAuto,BothTrans,1448
74,ModelA,NoAuto,NoTrans,2273
74,ModelA,Auto,BothTrans,1137
74,ModelA,Auto,NoTrans,2126
74,ModelB,NoAuto,BothTrans,1448
74,ModelB,NoAuto,NoTrans,2273
74,ModelB,Auto,BothTrans,1135
74,ModelB,Auto,NoTrans,2125
74,ModelA,NoAuto,WaspTrans,2273
74,ModelA,NoAuto,FlyTrans,1448
74,ModelA,Auto,WaspTrans,2126
74,ModelA,Auto,FlyTrans,1137
74,ModelB,NoAuto,WaspTrans,2273
74,ModelB,NoAuto,FlyTrans,1448
74,ModelB,Auto,WaspTrans,2125
74,ModelB,Auto,FlyTrans,1135
75,ModelA,NoAuto,BothTrans,1613
75,ModelA,NoAuto,NoTrans,2286
75,ModelA,Auto,BothTrans,1295
75,ModelA,Auto,NoTrans,1997
75,ModelB,NoAuto,BothTrans,1571
75,ModelB,NoAuto,NoTrans,2286
75,ModelB,Auto,BothTrans,1290
75,ModelB,Auto,NoTrans,1995
75,ModelA,NoAuto,WaspTrans,2286
75,ModelA,NoAuto,FlyTrans,1613
75,ModelA,Auto,WaspTrans,1997
75,ModelA,Auto,FlyTrans,1295
75,ModelB,NoAuto,WaspTrans,2285
75,ModelB,NoAuto,FlyTrans,1571
75,ModelB,Auto,WaspTrans,1995
75,ModelB,Auto,FlyTrans,1293
76,ModelA,NoAuto,BothTrans,1530
76,ModelA,NoAuto,NoTrans,2306
76,ModelA,Auto,BothTrans,716
76,ModelA,Auto,NoTrans,2033
76,ModelB,NoAuto,BothTrans,1503
76,ModelB,NoAuto,NoTrans,2277
76,ModelB,Auto,BothTrans,1271
76,ModelB,Auto,NoTrans,2032
76,ModelA,NoAuto,WaspTrans,2306
76,ModelA,NoAuto,FlyTrans,1530
76,ModelA,Auto,WaspTrans,2033
76,ModelA,Auto,FlyTrans,1272
76,ModelB,NoAuto,WaspTrans,2277
76,ModelB,NoAuto,FlyTrans,1503
76,ModelB,Auto,WaspTrans,2032
76,ModelB,Auto,FlyTrans,1271
77,ModelA,NoAuto,BothTrans,1490
77,ModelA,NoAuto,NoTrans,2319
77,ModelA,Auto,BothTrans,1157
77,ModelA,Auto,NoTrans,2019
77,ModelB,NoAuto,BothTrans,1490
77,ModelB,NoAuto,NoTrans,2243
77,ModelB,Auto,BothTrans,1156
77,ModelB,Auto,NoTrans,2018
77,ModelA,NoAuto,WaspTrans,2319
77,ModelA,NoAuto,FlyTrans,1490
77,ModelA,Auto,WaspTrans,2019
77,ModelA,Auto,FlyTrans,1157
77,ModelB,NoAuto,WaspTrans,2243
77,ModelB,NoAuto,FlyTrans,1490
77,ModelB,Auto,WaspTrans,2018
77,ModelB,Auto,FlyTrans,1156
78,ModelA,NoAuto,BothTrans,514
78,ModelA,NoAuto,NoTrans,2380
78,ModelA,Auto,BothTrans,765
78,ModelA,Auto,NoTrans,1967
78,ModelB,NoAuto,BothTrans,1497
78,ModelB,NoAuto,NoTrans,2221
78,ModelB,Auto,BothTrans,1270
78,ModelB,Auto,NoTrans,1966
78,ModelA,NoAuto,WaspTrans,2380
78,ModelA,NoAuto,FlyTrans,1497
78,ModelA,Auto,WaspTrans,1967
78,ModelA,Auto,FlyTrans,1271
78,ModelB,NoAuto,WaspTrans,2221
78,ModelB,NoAuto,FlyTrans,1497
78,ModelB,Auto,WaspTrans,1966
78,ModelB,Auto,FlyTrans,1270
79,ModelA,NoAuto,BothTrans,1494
79,ModelA,NoAuto,NoTrans,2279
79,ModelA,Auto,BothTrans,1454
79,ModelA,Auto,NoTrans,2016
79,ModelB,NoAuto,BothTrans,1494
79,ModelB,NoAuto,NoTrans,2265
79,ModelB,Auto,BothTrans,1454
79,ModelB,Auto,NoTrans,2014
79,ModelA,NoAuto,WaspTrans,2279
79,ModelA,NoAuto,FlyTrans,1494
79,ModelA,Auto,WaspTrans,2016
79,ModelA,Auto,FlyTrans,1454
79,ModelB,NoAuto,WaspTrans,2265
79,ModelB,NoAuto,FlyTrans,1494
79,ModelB,Auto,WaspTrans,2014
79,ModelB,Auto,FlyTrans,1454
80,ModelA,NoAuto,BothTrans,1496
80,ModelA,NoAuto,NoTrans,2344
80,ModelA,Auto,BothTrans,1273
80,ModelA,Auto,NoTrans,2168
80,ModelB,NoAuto,BothTrans,1495
80,ModelB,NoAuto,NoTrans,2344
80,ModelB,Auto,BothTrans,1273
80,ModelB,Auto,NoTrans,2168
80,ModelA,NoAuto,WaspTrans,2344
80,ModelA,NoAuto,FlyTrans,1496
80,ModelA,Auto,WaspTrans,2168
80,ModelA,Auto,FlyTrans,1273
80,ModelB,NoAuto,WaspTrans,2343
80,ModelB,NoAuto,FlyTrans,1495
80,ModelB,Auto,WaspTrans,2168
80,ModelB,Auto,FlyTrans,1273
81,ModelA,NoAuto,BothTrans,1564
81,ModelA,NoAuto,NoTrans,2283
81,ModelA,Auto,BothTrans,1398
81,ModelA,Auto,NoTrans,2249
81,ModelB,NoAuto,BothTrans,1564
81,ModelB,NoAuto,NoTrans,2283
81,ModelB,Auto,BothTrans,1397
81,ModelB,Auto,NoTrans,2248
81,ModelA,NoAuto,WaspTrans,2283
81,ModelA,NoAuto,FlyTrans,1564
81,ModelA,Auto,WaspTrans,2249
81,ModelA,Auto,FlyTrans,1398
81,ModelB,NoAuto,WaspTrans,2283
81,ModelB,NoAuto,FlyTrans,1564
81,ModelB,Auto,WaspTrans,2247
81,ModelB,Auto,FlyTrans,1397
82,ModelA,NoAuto,BothTrans,1558
82,ModelA,NoAuto,NoTrans,2331
82,ModelA,Auto,BothTrans,1419
82,ModelA,Auto,NoTrans,2295
82,ModelB,NoAuto,BothTrans,1444
82,ModelB,NoAuto,NoTrans,2330
82,ModelB,Auto,BothTrans,1345
82,ModelB,Auto,NoTrans,2293
82,ModelA,NoAuto,WaspTrans,2331
82,ModelA,NoAuto,FlyTrans,1558
82,ModelA,Auto,WaspTrans,2295
82,ModelA,Auto,FlyTrans,1419
82,ModelB,NoAuto,WaspTrans,2330
82,ModelB,NoAuto,FlyTrans,1444
82,ModelB,Auto,WaspTrans,2293
82,ModelB,Auto,FlyTrans,1345
83,ModelA,NoAuto,BothTrans,1518
83,ModelA,NoAuto,NoTrans,2288
83,ModelA,Auto,BothTrans,1518
83,ModelA,Auto,NoTrans,2258
83,ModelB,NoAuto,BothTrans,1518
83,ModelB,NoAuto,NoTrans,2263
83,ModelB,Auto,BothTrans,1287
83,ModelB,Auto,NoTrans,1901
83,ModelA,NoAuto,WaspTrans,2288
83,ModelA,NoAuto,FlyTrans,1518
83,ModelA,Auto,WaspTrans,2258
83,ModelA,Auto,FlyTrans,1518
83,ModelB,NoAuto,WaspTrans,2263
83,ModelB,NoAuto,FlyTrans,1518
83,ModelB,Auto,WaspTrans,1901
83,ModelB,Auto,FlyTrans,1289
84,ModelA,NoAuto,BothTrans,1521
84,ModelA,NoAuto,NoTrans,2391
84,ModelA,Auto,BothTrans,1317
84,ModelA,Auto,NoTrans,2119
84,ModelB,NoAuto,BothTrans,1371
84,ModelB,NoAuto,NoTrans,2280
84,ModelB,Auto,BothTrans,1314
84,ModelB,Auto,NoTrans,2119
84,ModelA,NoAuto,WaspTrans,2391
84,ModelA,NoAuto,FlyTrans,1521
84,ModelA,Auto,WaspTrans,2119
84,ModelA,Auto,FlyTrans,1317
84,ModelB,NoAuto,WaspTrans,2280
84,ModelB,NoAuto,FlyTrans,1371
84,ModelB,Auto,WaspTrans,2119
84,ModelB,Auto,FlyTrans,1315
85,ModelA,NoAuto,BothTrans,360
85,ModelA,NoAuto,NoTrans,2369
85,ModelA,Auto,BothTrans,201
85,ModelA,Auto,NoTrans,2047
85,ModelB,NoAuto,BothTrans,1348
85,ModelB,NoAuto,NoTrans,2369
85,ModelB,Auto,BothTrans,1280
85,ModelB,Auto,NoTrans,2046
85,ModelA,NoAuto,WaspTrans,2369
85,ModelA,NoAuto,FlyTrans,1352
85,ModelA,Auto,WaspTrans,2047
85,ModelA,Auto,FlyTrans,1343
85,ModelB,NoAuto,WaspTrans,2369
85,ModelB,NoAuto,FlyTrans,1351
85,ModelB,Auto,WaspTrans,2045
85,ModelB,Auto,FlyTrans,1343
86,ModelA,NoAuto,BothTrans,1555
86,ModelA,NoAuto,NoTrans,2294
86,ModelA,Auto,BothTrans,1311
86,ModelA,Auto,NoTrans,1997
86,ModelB,NoAuto,BothTrans,1461
86,ModelB,NoAuto,NoTrans,2291
86,ModelB,Auto,BothTrans,1310
86,ModelB,Auto,NoTrans,1996
86,ModelA,NoAuto,WaspTrans,2294
86,ModelA,NoAuto,FlyTrans,1555
86,ModelA,Auto,WaspTrans,1997
86,ModelA,Auto,FlyTrans,1311
86,ModelB,NoAuto,WaspTrans,2291
86,ModelB,NoAuto,FlyTrans,1461
86,ModelB,Auto,WaspTrans,1996
86,ModelB,Auto,FlyTrans,1310
87,ModelA,NoAuto,BothTrans,287
87,ModelA,NoAuto,NoTrans,2207
87,ModelA,Auto,BothTrans,1447
87,ModelA,Auto,NoTrans,1921
87,ModelB,NoAuto,BothTrans,1442
87,ModelB,NoAuto,NoTrans,2207
87,ModelB,Auto,BothTrans,1443
87,ModelB,Auto,NoTrans,1920
87,ModelA,NoAuto,WaspTrans,2207
87,ModelA,NoAuto,FlyTrans,1442
87,ModelA,Auto,WaspTrans,1921
87,ModelA,Auto,FlyTrans,1448
87,ModelB,NoAuto,WaspTrans,2207
87,ModelB,NoAuto,FlyTrans,1442
87,ModelB,Auto,WaspTrans,1920
87,ModelB,Auto,FlyTrans,1443
88,ModelA,NoAuto,BothTrans,1527
88,ModelA,NoAuto,NoTrans,2290
88,ModelA,Auto,BothTrans,618
88,ModelA,Auto,NoTrans,1969
88,ModelB,NoAuto,BothTrans,1521
88,ModelB,NoAuto,NoTrans,2279
88,ModelB,Auto,BothTrans,1301
88,ModelB,Auto,NoTrans,1968
88,ModelA,NoAuto,WaspTrans,2290
88,ModelA,NoAuto,FlyTrans,1527
88,ModelA,Auto,WaspTrans,1969
88,ModelA,Auto,FlyTrans,1303
88,ModelB,NoAuto,WaspTrans,2279
88,ModelB,NoAuto,FlyTrans,1521
88,ModelB,Auto,WaspTrans,1968
88,ModelB,Auto,FlyTrans,1301
89,ModelA,NoAuto,BothTrans,1515
89,ModelA,NoAuto,NoTrans,2243
89,ModelA,Auto,BothTrans,906
89,ModelA,Auto,NoTrans,2237
89,ModelB,NoAuto,BothTrans,1512
89,ModelB,NoAuto,NoTrans,2243
89,ModelB,Auto,BothTrans,1241
89,ModelB,Auto,NoTrans,2236
89,ModelA,NoAuto,WaspTrans,2243
89,ModelA,NoAuto,FlyTrans,1515
89,ModelA,Auto,WaspTrans,2237
89,ModelA,Auto,FlyTrans,1242
89,ModelB,NoAuto,WaspTrans,2243
89,ModelB,NoAuto,FlyTrans,1512
89,ModelB,Auto,WaspTrans,2236
89,ModelB,Auto,FlyTrans,1241
90,ModelA,NoAuto,BothTrans,1521
90,ModelA,NoAuto,NoTrans,2225
90,ModelA,Auto,BothTrans,1242
90,ModelA,Auto,NoTrans,1690
90,ModelB,NoAuto,BothTrans,1508
90,ModelB,NoAuto,NoTrans,2225
90,ModelB,Auto,BothTrans,1242
90,ModelB,Auto,NoTrans,1689
90,ModelA,NoAuto,WaspTrans,2225
90,ModelA,NoAuto,FlyTrans,1521
90,ModelA,Auto,WaspTrans,1690
90,ModelA,Auto,FlyTrans,1242
90,ModelB,NoAuto,WaspTrans,2224
90,ModelB,NoAuto,FlyTrans,1508
90,ModelB,Auto,WaspTrans,1689
90,ModelB,Auto,FlyTrans,1242
91,ModelA,NoAuto,BothTrans,1522
91,ModelA,NoAuto,NoTrans,2300
91,ModelA,Auto,BothTrans,589
91,ModelA,Auto,NoTrans,2099
91,ModelB,NoAuto,BothTrans,1522
91,ModelB,NoAuto,NoTrans,2291
91,ModelB,Auto,BothTrans,1357
91,ModelB,Auto,NoTrans,2098
91,ModelA,NoAuto,WaspTrans,2300
91,ModelA,NoAuto,FlyTrans,1522
91,ModelA,Auto,WaspTrans,2098
91,ModelA,Auto,FlyTrans,1361
91,ModelB,NoAuto,WaspTrans,2291
91,ModelB,NoAuto,FlyTrans,1522
91,ModelB,Auto,WaspTrans,2098
91,ModelB,Auto,FlyTrans,1357
92,ModelA,NoAuto,BothTrans,1543
92,ModelA,NoAuto,NoTrans,2354
92,ModelA,Auto,BothTrans,1346
92,ModelA,Auto,NoTrans,2154
92,ModelB,NoAuto,BothTrans,1350
92,ModelB,NoAuto,NoTrans,2353
92,ModelB,Auto,BothTrans,1345
92,ModelB,Auto,NoTrans,2130
92,ModelA,NoAuto,WaspTrans,2354
92,ModelA,NoAuto,FlyTrans,1543
92,ModelA,Auto,WaspTrans,2154
92,ModelA,Auto,FlyTrans,1346
92,ModelB,NoAuto,WaspTrans,2353
92,ModelB,NoAuto,FlyTrans,1539
92,ModelB,Auto,WaspTrans,2130
92,ModelB,Auto,FlyTrans,1345
93,ModelA,NoAuto,BothTrans,1521
93,ModelA,NoAuto,NoTrans,2298
93,ModelA,Auto,BothTrans,1464
93,ModelA,Auto,NoTrans,2009
93,ModelB,NoAuto,BothTrans,1521
93,ModelB,NoAuto,NoTrans,2292
93,ModelB,Auto,BothTrans,1463
93,ModelB,Auto,NoTrans,2009
93,ModelA,NoAuto,WaspTrans,2298
93,ModelA,NoAuto,FlyTrans,1521
93,ModelA,Auto,WaspTrans,2009
93,ModelA,Auto,FlyTrans,1464
93,ModelB,NoAuto,WaspTrans,2292
93,ModelB,NoAuto,FlyTrans,1521
93,ModelB,Auto,WaspTrans,2009
93,ModelB,Auto,FlyTrans,1464
94,ModelA,NoAuto,BothTrans,1481
94,ModelA,NoAuto,NoTrans,2314
94,ModelA,Auto,BothTrans,1368
94,ModelA,Auto,NoTrans,2032
94,ModelB,NoAuto,BothTrans,1481
94,ModelB,NoAuto,NoTrans,2314
94,ModelB,Auto,BothTrans,1368
94,ModelB,Auto,NoTrans,2030
94,ModelA,NoAuto,WaspTrans,2314
94,ModelA,NoAuto,FlyTrans,1481
94,ModelA,Auto,WaspTrans,2032
94,ModelA,Auto,FlyTrans,1368
94,ModelB,NoAuto,WaspTrans,2314
94,ModelB,NoAuto,FlyTrans,1481
94,ModelB,Auto,WaspTrans,2029
94,ModelB,Auto,FlyTrans,1368
95,ModelA,NoAuto,BothTrans,1458
95,ModelA,NoAuto,NoTrans,2340
95,ModelA,Auto,BothTrans,1126
95,ModelA,Auto,NoTrans,2083
95,ModelB,NoAuto,BothTrans,1453
95,ModelB,NoAuto,NoTrans,2327
95,ModelB,Auto,BothTrans,1116
95,ModelB,Auto,NoTrans,2039
95,ModelA,NoAuto,WaspTrans,2340
95,ModelA,NoAuto,FlyTrans,1458
95,ModelA,Auto,WaspTrans,2083
95,ModelA,Auto,FlyTrans,1127
95,ModelB,NoAuto,WaspTrans,2326
95,ModelB,NoAuto,FlyTrans,1456
95,ModelB,Auto,WaspTrans,2039
95,ModelB,Auto,FlyTrans,1116
96,ModelA,NoAuto,BothTrans,1509
96,ModelA,NoAuto,NoTrans,2339
96,ModelA,Auto,BothTrans,1380
96,ModelA,Auto,NoTrans,2062
96,ModelB,NoAuto,BothTrans,1469
96,ModelB,NoAuto,NoTrans,2336
96,ModelB,Auto,BothTrans,1379
96,ModelB,Auto,NoTrans,2061
96,ModelA,NoAuto,WaspTrans,2339
96,ModelA,NoAuto,FlyTrans,1509
96,ModelA,Auto,WaspTrans,2062
96,ModelA,Auto,FlyTrans,1380
96,ModelB,NoAuto,WaspTrans,2336
96,ModelB,NoAuto,FlyTrans,1469
96,ModelB,Auto,WaspTrans,2061
96,ModelB,Auto,FlyTrans,1379
97,ModelA,NoAuto,BothTrans,1526
97,ModelA,NoAuto,NoTrans,2355
97,ModelA,Auto,BothTrans,587
97,ModelA,Auto,NoTrans,2109
97,ModelB,NoAuto,BothTrans,1522
97,ModelB,NoAuto,NoTrans,2354
97,ModelB,Auto,BothTrans,1366
97,ModelB,Auto,NoTrans,2108
97,ModelA,NoAuto,WaspTrans,2355
97,ModelA,NoAuto,FlyTrans,1526
97,ModelA,Auto,WaspTrans,2109
97,ModelA,Auto,FlyTrans,1367
97,ModelB,NoAuto,WaspTrans,2354
97,ModelB,NoAuto,FlyTrans,1522
97,ModelB,Auto,WaspTrans,2108
97,ModelB,Auto,FlyTrans,1367
98,ModelA,NoAuto,BothTrans,209
98,ModelA,NoAuto,NoTrans,2288
98,ModelA,Auto,BothTrans,1315
98,ModelA,Auto,NoTrans,2128
98,ModelB,NoAuto,BothTrans,1303
98,ModelB,NoAuto,NoTrans,2286
98,ModelB,Auto,BothTrans,1312
98,ModelB,Auto,NoTrans,2127
98,ModelA,NoAuto,WaspTrans,2288
98,ModelA,NoAuto,FlyTrans,1306
98,ModelA,Auto,WaspTrans,2128
98,ModelA,Auto,FlyTrans,1315
98,ModelB,NoAuto,WaspTrans,2286
98,ModelB,NoAuto,FlyTrans,1303
98,ModelB,Auto,WaspTrans,2127
98,ModelB,Auto,FlyTrans,1313
99,ModelA,NoAuto,BothTrans,1425
99,ModelA,NoAuto,NoTrans,2227
99,ModelA,Auto,BothTrans,1477
99,ModelA,Auto,NoTrans,2173
99,ModelB,NoAuto,BothTrans,1407
99,ModelB,NoAuto,NoTrans,2205
99,ModelB,Auto,BothTrans,1476
99,ModelB,Auto,NoTrans,1969
99,ModelA,NoAuto,WaspTrans,2227
99,ModelA,NoAuto,FlyTrans,1425
99,ModelA,Auto,WaspTrans,2173
99,ModelA,Auto,FlyTrans,1477
99,ModelB,NoAuto,WaspTrans,2200
99,ModelB,NoAuto,FlyTrans,1407
99,ModelB,Auto,WaspTrans,1969
99,ModelB,Auto,FlyTrans,1476
100,ModelA,NoAuto,BothTrans,1450
100,ModelA,NoAuto,NoTrans,2256
100,ModelA,Auto,BothTrans,1531
100,ModelA,Auto,NoTrans,2199
100,ModelB,NoAuto,BothTrans,1445
100,ModelB,NoAuto,NoTrans,2225
100,ModelB,Auto,BothTrans,1530
100,ModelB,Auto,NoTrans,2196
100,ModelA,NoAuto,WaspTrans,2256
100,ModelA,NoAuto,FlyTrans,1450
100,ModelA,Auto,WaspTrans,2199
100,ModelA,Auto,FlyTrans,1531
100,ModelB,NoAuto,WaspTrans,2225
100,ModelB,NoAuto,FlyTrans,1450
100,ModelB,Auto,WaspTrans,2196
100,ModelB,Auto,FlyTrans,1531
